48.43,-15.24,36.26,-4.97,-16.68,-3.3,3.09,3.24,1.04
43.05,-6.66,22.35,-16.83,-1.17,11.37,9.25,3.4,9.46
25.27,-3.84,-25.64,-11.88,19.27,-7.0,3.53,9.13,1.83
6.41,39.0,42.27,2.25,16.11,11.8,0.14,2.7,9.85
16.89,12.4,10.17,-11.29,19.55,-3.68,3.38,5.83,3.35
-42.9,-4.41,1.54,2.74,-13.03,-17.65,5.7,7.5,1.25
39.05,-1.82,29.94,6.57,-19.1,-10.63,5.11,3.39,1.31
-27.63,36.12,13.34,19.74,16.58,10.63,1.23,1.28,5.2
19.19,-33.46,-13.2,5.61,6.31,19.4,6.29,2.86,0.94
27.02,-28.68,-27.22,13.44,-18.21,15.45,9.53,5.41,5.06
-0.07,-49.72,7.03,-15.1,-10.42,-9.6,2.12,7.68,0.78
43.39,7.7,47.99,12.98,-2.26,-12.35,7.16,5.21,4.61
-16.86,49.29,7.84,-16.94,-4.46,-5.67,3.41,2.94,1.15
-19.92,15.72,19.79,14.79,18.08,-3.15,4.84,3.79,0.27
12.72,33.61,-36.32,-0.62,15.18,-7.25,7.54,4.59,5.98
35.49,49.27,-48.6,18.18,14.69,12.49,8.75,4.48,5.05
21.58,47.01,-44.47,17.91,-2.55,3.51,7.14,8.74,3.8
-20.07,-5.34,-37.87,3.14,-9.83,-17.4,0.28,0.18,3.49
48.84,-32.3,-8.26,-10.41,-10.13,-12.02,8.97,5.84,5.1
22.83,-35.75,-26.02,10.96,-3.63,-2.68,3.56,4.68,8.48
-46.75,-32.86,-2.3,5.48,-3.21,17.14,8.45,9.92,1.64
-40.22,-2.49,-26.61,-0.01,-2.46,-6.55,3.77,4.44,6.3
-41.72,43.53,-38.79,15.64,-17.36,1.56,4.34,5.66,8.78
-10.07,-30.86,0.22,8.91,13.1,-12.23,6.88,3.88,1.81
-34.28,21.45,8.23,-15.16,-1.37,1.65,3.9,2.89,1.63
-20.2,-30.56,44.37,-17.94,10.56,-18.66,9.55,1.59,4.84
32.74,-10.72,-26.4,6.03,-1.22,-3.39,5.36,0.36,2.01
8.75,11.59,-0.79,12.51,-9.05,-8.08,1.33,1.4,8.45
42.99,28.72,-33.64,-19.55,7.31,-5.56,2.57,8.46,6.48
-26.51,49.95,8.35,14.24,6.21,13.36,9.87,6.18,9.54
34.14,-24.69,-37.49,-13.08,-5.35,-4.71,0.61,6.71,3.45
17.67,29.95,29.41,-8.64,-8.33,-4.33,1.44,7.04,0.51
-31.25,23.23,6.37,10.6,15.69,17.03,9.51,4.82,5.09
14.69,20.72,25.15,-9.71,-12.69,-5.63,8.58,5.94,3.86
-6.15,36.55,10.08,4.17,-2.03,-12.1,2.29,2.36,8.12
-8.26,44.65,-32.06,12.33,15.57,-5.03,8.27,1.41,0.52
6.69,44.29,2.78,15.86,-17.02,-18.85,1.18,2.48,1.28
21.33,6.11,-30.83,15.48,-9.21,-16.89,3.41,6.62,0.84
1.91,-48.24,-13.29,9.69,13.97,-5.64,4.67,7.94,7.83
-39.96,0.18,-15.29,-4.76,0.93,-16.51,9.19,7.62,8.48
33.64,-0.31,-5.5,8.33,-14.68,16.14,2.85,8.96,5.09
12.09,30.41,49.86,15.09,-13.15,10.83,8.01,1.18,8.73
-46.96,-47.53,-33.42,13.62,-11.5,6.35,7.93,1.23,7.36
-23.43,-5.6,22.53,-17.18,-7.71,-11.45,0.35,1.49,7.24
-48.03,-10.51,48.08,15.17,-18.28,19.53,4.34,7.82,2.72
-17.42,-12.41,-14.11,-17.87,14.79,18.59,0.9,0.89,7.85
-33.39,11.11,-40.86,4.95,14.4,-15.53,5.55,6.15,7.36
19.78,-49.11,12.19,-8.58,-7.59,0.51,7.54,1.42,5.52
-1.67,34.09,-35.33,-8.47,1.72,-16.34,4.38,6.07,2.33
-24.13,21.02,-6.28,19.92,12.4,-16.85,2.21,4.92,7.9
-8.87,-27.75,39.25,4.52,-16.54,-2.02,5.66,1.66,1.99
19.38,-39.64,-27.53,11.35,10.55,-13.57,0.5,2.04,2.84
-44.62,-17.38,29.13,-1.61,-7.64,0.4,3.31,1.32,0.61
1.81,27.4,7.26,-2.02,-3.11,-4.05,3.34,9.85,9.31
27.55,-33.21,-15.13,2.4,-0.85,-14.05,8.37,3.96,7.64
33.94,26.81,-39.74,-15.88,9.27,-0.55,0.59,4.13,2.25
12.91,8.67,41.83,-10.65,-3.13,-19.97,5.3,6.31,4.48
-41.09,35.05,-9.7,-15.86,16.85,18.79,1.03,7.47,5.56
-13.01,4.19,31.72,8.39,-12.85,14.29,7.07,9.62,1.71
29.15,-17.23,47.9,2.94,0.35,-11.38,4.47,8.63,0.68
14.07,27.65,21.33,-12.34,-15.75,-16.12,9.38,1.07,4.13
-39.27,0.45,-38.39,-5.39,-11.47,4.8,8.73,3.24,1.8
-9.19,33.23,-34.63,-17.2,-13.46,-12.97,6.3,6.4,8.5
-33.86,22.98,40.33,3.35,4.46,-8.12,2.87,10.0,9.13
-19.0,3.3,-6.29,16.25,-9.47,12.56,3.66,5.25,4.75
0.87,0.07,9.24,-17.75,13.87,18.71,4.42,9.18,1.35
14.17,42.32,3.62,-5.83,-14.35,-18.54,6.38,6.97,8.53
19.78,-26.54,-8.72,4.13,-7.09,-2.7,5.06,9.85,4.96
17.54,32.14,-18.88,8.1,-5.66,19.08,8.96,4.56,8.56
-14.58,-12.74,-10.47,-7.91,7.82,4.17,5.25,5.46,8.2
34.72,40.57,1.55,6.02,12.04,-7.46,5.97,9.24,5.38
4.89,-7.34,5.24,-4.28,1.35,-14.51,1.39,6.61,0.85
48.96,13.47,29.09,-8.2,5.33,-13.78,5.75,7.2,6.02
2.82,-27.58,37.57,7.66,-13.77,-4.06,0.12,4.57,5.75
34.61,3.3,16.51,-1.72,-12.04,-8.0,2.13,1.55,9.36
39.61,-27.64,11.36,18.51,7.75,0.9,3.08,8.41,5.2
-17.41,-0.87,-45.08,17.75,15.35,18.13,9.98,0.2,5.84
-29.31,48.02,-14.4,-12.25,-7.7,-6.27,3.98,3.73,4.64
-36.62,-21.6,-32.2,-16.57,12.1,-15.22,4.78,0.57,5.41
3.12,32.56,-15.08,-9.41,6.34,-16.93,9.78,6.02,4.16
22.18,35.76,40.07,-5.53,18.87,9.45,9.42,3.43,8.66
-14.21,-40.83,-37.99,10.76,4.75,15.24,3.28,3.21,4.24
-40.23,42.86,-44.12,2.41,-15.19,0.23,9.39,2.42,9.34
17.98,-33.54,11.99,-12.66,3.83,5.59,5.03,1.86,2.76
45.46,-41.59,8.91,-0.37,-9.08,-11.33,8.97,0.64,9.05
-0.27,-23.36,40.32,-10.81,-0.72,12.75,9.04,5.64,1.6
14.41,42.56,5.06,3.93,-19.23,17.62,3.31,0.71,6.4
41.61,-36.66,43.19,8.13,-5.59,19.91,9.73,7.5,0.6
19.81,-29.25,36.41,7.86,3.9,-2.48,8.1,7.9,5.6
35.76,18.45,30.2,0.8,-5.27,-11.28,4.26,9.07,7.94
-14.56,-46.06,-29.64,11.2,-2.58,-14.7,4.38,0.16,2.17
-15.96,-20.48,-11.81,5.05,11.72,-15.89,3.36,1.01,1.59
39.12,-40.21,-46.23,12.76,-11.01,-7.86,2.78,7.17,4.05
-5.68,40.86,-23.97,-0.55,3.87,-7.06,0.46,1.76,5.4
1.15,-1.23,-18.62,2.92,-5.94,17.46,8.1,6.33,7.39
-3.13,-46.06,-5.82,-11.95,-19.84,11.82,4.49,7.09,5.77
-42.35,-47.86,30.96,10.24,-8.01,-18.85,8.21,2.18,8.52
26.81,25.86,-12.72,13.18,4.5,-17.39,4.15,1.33,0.12
-17.95,26.98,-9.15,-5.07,17.45,-18.86,0.89,2.97,6.26
24.74,-6.53,35.79,-5.22,3.45,-2.64,8.23,8.54,3.24
-36.38,-7.22,-13.32,9.31,13.92,-18.04,2.9,9.6,2.3
24.35,21.64,-16.93,-4.82,-4.88,-5.33,3.11,4.59,4.41
-37.18,-31.17,-46.17,12.46,4.73,7.88,8.24,4.47,5.6
13.87,-29.11,-6.2,-3.78,16.28,0.42,3.01,7.99,3.25
-32.74,-30.46,-36.9,-3.58,-14.7,6.22,4.74,9.81,9.0
21.73,3.97,1.79,10.65,15.23,19.18,1.3,0.65,1.57
-5.2,-29.52,-27.54,-11.88,5.33,7.27,5.17,3.52,7.41
-18.27,-19.52,3.73,10.18,5.43,7.58,2.96,0.64,3.94
37.74,41.38,31.29,2.25,-17.52,-10.64,1.95,1.09,4.28
18.59,38.2,21.79,4.36,-5.86,-15.57,5.93,1.29,9.37
-28.22,-21.59,-29.2,8.91,-9.31,11.12,6.0,3.49,6.4
43.6,17.88,14.7,16.28,7.23,-15.36,3.81,1.4,3.96
-7.53,20.13,38.67,-12.21,9.56,14.56,4.27,4.83,2.92
-42.24,16.29,-0.19,-3.6,8.07,3.71,6.75,2.08,9.42
41.35,-12.73,17.92,-10.75,3.21,-3.08,8.9,5.31,4.5
-30.19,41.9,40.51,3.01,5.74,-4.05,5.38,8.74,1.4
-40.49,2.01,46.22,-8.94,-4.41,10.23,0.68,0.2,1.65
21.24,13.12,-24.09,17.61,7.01,9.33,3.45,4.69,4.43
5.86,48.88,-7.07,5.11,-12.16,-7.22,1.33,0.69,5.39
40.83,-4.63,-15.93,-18.65,-11.32,16.73,8.25,5.41,6.3
29.89,24.52,-26.38,14.84,3.71,16.16,4.75,1.43,7.06
2.63,-11.08,6.62,-17.0,-2.9,-4.25,1.9,3.26,4.51
41.7,-35.28,-8.78,-0.07,17.48,10.71,7.92,3.52,7.79
-20.49,15.21,-34.33,-15.01,-11.96,3.64,4.42,0.75,7.61
7.86,-29.75,42.85,0.64,-19.92,8.69,4.36,3.85,0.57
-9.03,-14.99,34.5,16.25,16.81,19.85,9.66,9.56,0.92
25.6,-18.75,8.94,9.83,-14.47,13.27,2.06,4.78,1.72
-1.96,7.77,46.63,-0.75,7.7,-5.37,3.51,3.77,9.95
43.24,22.31,-38.78,-8.38,3.29,8.54,3.54,9.49,7.83
-26.35,-12.82,27.41,-15.0,-9.42,17.27,8.69,9.13,9.4
-36.81,14.87,44.19,-10.68,11.91,-11.52,4.6,7.31,9.35
-13.35,45.42,-0.16,2.68,-16.52,-19.3,7.1,2.53,8.03
33.37,40.04,48.81,-13.66,14.29,-14.51,8.17,0.28,8.8
-6.56,42.79,43.83,12.41,-11.91,-0.5,1.51,0.21,5.58
-15.07,0.4,43.05,-18.4,11.4,-11.53,0.49,0.59,8.52
35.08,-17.14,-20.22,-10.15,-3.06,-19.24,5.57,0.79,3.05
-41.33,-34.73,14.05,1.2,-15.29,-6.04,3.85,3.51,5.22
47.12,9.04,-37.11,13.96,-15.15,2.2,4.79,0.41,5.12
-18.56,-16.13,-49.55,7.96,4.08,12.42,2.88,3.24,6.14
1.06,12.83,-14.27,19.35,-8.83,3.2,9.54,8.68,1.59
-49.89,-8.79,21.88,-15.0,6.43,-4.13,9.07,5.74,4.23
-49.19,49.52,17.88,-5.49,2.48,7.47,3.68,0.32,6.87
-30.06,7.18,48.05,18.41,16.46,-19.76,7.3,6.77,3.88
-47.64,-10.32,25.33,-18.3,7.25,-17.76,9.82,2.83,4.45
-23.37,49.36,28.8,3.79,8.61,15.32,1.13,7.31,2.5
3.21,11.65,11.53,12.16,-8.9,15.55,6.7,1.17,1.34
-20.18,-32.34,31.94,-3.2,6.92,-2.42,6.37,5.58,3.25
34.3,25.8,2.51,-12.53,-4.53,3.97,4.2,5.03,3.42
35.28,-19.36,-47.33,-7.29,-15.65,-16.83,8.68,0.15,5.48
39.94,-20.24,-14.26,-14.05,0.23,1.03,1.26,6.9,9.22
8.68,-4.71,-6.38,5.62,-19.96,-4.03,2.39,7.52,4.75
-40.23,-48.83,-20.24,12.57,8.86,1.65,2.93,2.95,7.89
46.08,27.1,-40.52,-15.23,-14.45,19.43,2.41,9.59,8.95
-0.25,44.41,33.34,-12.42,9.06,-2.32,9.55,5.18,1.16
49.79,-19.18,20.23,0.93,-1.25,7.02,8.96,2.36,6.38
34.85,16.64,-13.28,7.73,-2.33,1.76,7.79,1.74,3.6
-27.61,19.41,-35.95,-14.66,6.41,-12.35,4.19,1.53,2.55
-17.87,-21.94,-42.43,-14.39,-2.22,-16.07,2.48,7.78,9.13
3.66,-29.17,40.99,-1.18,-6.94,-11.63,5.7,9.93,5.75
15.8,6.3,47.97,-0.3,17.79,-2.34,2.76,5.16,6.04
-37.89,-18.03,-12.4,-15.01,-13.55,-5.9,8.35,9.47,3.24
-28.94,7.13,-3.53,-17.77,0.62,3.56,8.11,8.96,9.9
4.46,49.56,-46.88,-11.86,-10.97,1.67,6.87,6.98,6.08
-24.88,32.55,43.72,16.85,-11.6,5.47,3.94,6.02,1.92
24.1,20.8,-5.98,-5.02,-6.58,15.92,1.49,4.19,9.05
-37.28,-36.23,-24.99,-19.87,-8.93,15.46,7.11,9.01,4.49
12.41,-6.1,11.79,3.12,-7.56,-1.92,4.27,7.3,9.74
-14.96,-20.79,36.17,-0.35,-15.76,12.96,7.73,1.5,2.81
-46.12,-39.87,-28.33,-19.12,13.25,0.21,4.57,7.55,8.91
16.39,15.0,-10.35,5.93,-13.23,-0.57,2.6,2.52,8.97
40.69,-25.63,-26.61,1.51,19.88,11.09,8.47,8.99,7.74
-32.64,2.37,-4.85,5.84,-5.54,-5.81,5.98,8.93,4.94
-49.01,-29.74,34.74,-8.85,1.8,-14.75,7.79,4.81,9.67
-37.49,33.97,-47.07,-2.69,0.47,-4.93,1.69,5.38,1.88
-23.49,38.09,38.01,-14.46,-17.09,9.93,2.67,5.58,8.71
27.38,-21.57,-36.55,-4.88,-12.44,-5.09,8.57,3.64,9.07
-32.98,27.07,19.72,15.24,-4.27,7.99,9.05,2.96,5.7
46.2,0.78,8.03,-14.07,12.12,10.83,8.92,1.06,8.95
-22.88,-17.84,36.73,-15.95,-19.88,-6.64,4.92,1.41,4.96
-49.09,-45.04,38.13,-7.57,5.38,4.64,9.21,5.53,0.46
49.42,37.39,-30.23,13.03,-7.11,8.19,6.3,5.82,9.19
-0.7,-39.35,23.33,-16.15,-18.08,-0.04,1.12,4.46,6.99
-48.89,-27.43,-7.3,1.6,2.96,-11.53,5.96,3.0,1.42
34.16,40.42,-15.58,10.58,6.83,-11.85,9.94,4.68,9.49
24.06,-18.5,36.05,-16.49,-18.93,2.17,7.53,7.35,1.94
-6.34,28.75,-31.33,-5.35,-6.32,12.72,5.61,6.83,1.4
-48.01,-43.9,36.83,-14.42,-5.1,8.1,7.19,8.66,2.18
39.61,7.44,-24.19,-19.78,-14.03,-19.66,8.32,9.33,4.91
40.07,11.39,32.9,-3.6,-6.7,-8.93,0.13,9.32,8.68
-44.13,45.42,-30.07,14.83,-12.11,2.77,2.22,3.17,2.14
-42.06,-3.51,-24.01,12.79,-7.17,17.92,0.4,5.46,1.01
47.83,24.44,2.98,-2.82,-19.36,-14.82,4.98,9.27,2.12
-38.11,23.11,36.1,-12.79,-1.83,-4.46,1.89,0.71,7.88
9.29,28.5,1.86,3.48,5.54,-16.54,2.9,8.75,9.49
19.9,-38.46,-45.45,3.04,13.51,18.92,0.73,0.64,0.71
10.53,14.91,4.4,3.83,-14.66,4.23,7.49,7.75,8.13
-40.6,14.75,-20.69,15.9,-8.64,12.52,1.01,5.82,9.27
9.61,13.28,38.65,-9.83,16.37,10.95,6.94,6.51,4.97
-0.29,39.35,10.82,-10.71,-15.68,-13.5,7.48,9.55,9.34
24.86,3.59,-14.63,-0.77,0.09,12.28,8.44,5.27,1.93
-6.06,9.5,-33.79,-7.49,-16.93,1.76,3.27,8.81,9.03
-25.72,-1.61,13.31,0.24,-13.51,-10.93,4.05,6.96,4.0
12.82,-46.22,-17.96,-19.81,0.95,-8.44,1.17,1.33,8.14
-34.42,9.24,41.33,-13.36,-11.22,-4.55,1.97,5.88,4.99
41.66,29.64,-34.22,6.62,-0.71,18.91,6.85,3.87,2.41
-20.16,43.12,-47.14,-3.88,1.47,7.78,3.23,9.63,5.89
34.77,23.68,34.72,-4.73,8.1,-0.38,9.91,1.54,0.9
36.5,28.32,-46.25,7.4,-4.62,18.66,1.14,0.6,5.25
-42.52,18.34,4.02,11.89,-12.74,7.02,9.99,8.49,2.89
-43.18,-16.44,-17.43,-6.06,8.01,-3.91,4.57,9.32,5.31
2.02,-18.74,15.5,-7.51,0.12,-9.23,0.7,9.45,2.22
-40.01,-34.07,41.03,-4.63,19.24,7.54,8.87,3.6,8.14
-23.95,11.75,3.94,-10.9,-4.53,-16.6,8.37,1.39,9.36
-18.04,20.6,29.89,-17.38,10.48,-19.37,8.69,6.51,9.72
11.9,26.02,-44.09,1.09,1.16,-0.1,2.44,8.85,5.36
0.87,-47.8,-20.68,11.94,10.69,-14.62,4.36,4.42,8.02
-24.59,29.31,9.41,-9.31,-8.82,-18.69,1.49,1.11,2.46
-1.03,-39.99,-1.5,-7.67,-8.55,5.99,4.69,7.44,6.9
29.75,1.37,-38.19,-9.01,15.46,9.34,7.32,8.57,5.62
-49.6,-1.75,-17.94,5.86,-8.66,17.25,7.29,9.91,2.74
-6.33,43.16,40.41,3.09,-18.47,-5.36,3.2,7.08,9.66
-47.83,36.71,8.4,-9.59,-4.67,18.4,5.13,9.97,1.51
29.27,-44.53,44.9,19.91,8.45,-3.87,0.77,1.56,3.69
-48.04,23.47,-19.97,-7.85,11.91,-3.7,3.56,9.59,4.06
-7.91,22.81,16.48,-3.53,15.38,12.71,7.76,7.64,4.97
13.65,28.12,8.38,-1.55,1.23,7.53,8.4,0.32,2.65
-2.22,9.47,-18.62,0.19,4.41,9.06,3.69,8.25,9.22
-11.78,-27.58,38.87,-9.83,-7.47,-0.02,1.61,2.12,5.98
-43.43,-28.41,13.58,10.22,11.1,11.54,5.18,5.06,0.57
-48.69,-47.08,7.05,-4.69,5.74,-8.57,2.88,5.36,3.67
-35.5,-24.79,1.39,18.98,-0.48,2.34,4.75,8.84,5.92
39.48,-42.83,31.67,1.37,-8.61,-9.11,1.34,3.48,4.03
-30.57,1.81,26.63,10.65,-0.56,-16.07,8.75,5.85,7.17
-32.0,-24.24,-34.74,15.43,-7.55,-0.54,4.49,4.8,7.16
-18.48,-8.35,34.49,7.85,16.95,-6.42,8.0,5.09,9.43
8.56,-10.36,24.2,12.45,-18.69,7.81,2.66,2.3,2.77
-43.79,-33.24,-7.62,-2.57,16.44,18.51,4.35,6.56,2.29
-35.28,-22.84,-1.87,17.41,13.45,-12.78,2.23,5.51,1.69
22.49,10.74,13.94,0.36,10.82,0.58,5.15,8.1,6.65
-17.11,-39.55,-46.53,-12.94,-3.15,12.32,2.11,9.5,7.12
-21.88,-24.85,41.36,3.42,7.27,-4.04,8.47,8.73,8.69
-24.97,39.41,1.3,7.33,-10.18,8.79,0.36,9.14,8.35
1.57,-47.12,40.19,-18.86,-16.33,-15.43,8.18,3.9,5.56
-43.21,20.64,-0.12,-3.17,-17.61,15.45,7.07,5.57,6.27
45.59,30.15,-19.87,-16.62,-7.46,-5.82,1.28,4.43,5.77
-16.64,19.83,15.65,-5.79,2.61,-1.72,4.79,8.54,9.6
39.28,1.88,6.94,-2.18,-2.96,-7.23,9.44,8.87,0.29
24.62,26.06,-1.33,14.08,-19.31,12.25,5.03,2.64,9.6
31.18,-48.34,-17.16,-10.4,1.86,-11.14,8.31,1.14,4.62
2.57,-35.86,44.98,9.85,-6.25,1.93,6.47,6.36,0.94
2.36,-35.14,17.4,15.1,-2.97,-12.28,9.68,1.67,7.21
-2.49,24.93,-17.29,-14.61,-13.2,9.19,5.26,7.78,8.8
20.6,-36.16,-6.21,10.81,-16.14,6.29,3.55,4.95,3.09
3.27,6.13,30.06,2.64,7.18,-17.34,4.38,0.88,5.64
-11.14,7.42,-22.63,-10.05,4.1,13.69,6.25,2.55,1.13
44.94,37.03,13.75,16.16,-11.09,5.21,4.54,1.44,5.6
37.94,-16.29,21.73,4.98,-13.4,-2.81,3.85,9.8,0.37
-29.4,-7.8,-43.11,5.84,9.41,-10.31,2.39,5.79,3.58
42.65,48.91,36.67,15.14,11.29,6.94,8.52,2.78,0.17
-39.18,-17.64,33.75,-12.49,9.16,-3.85,1.41,3.62,5.0
-31.15,-2.03,44.36,-5.53,6.17,15.89,7.32,8.83,1.03
8.39,-45.36,-30.92,-9.66,-19.84,-9.25,8.31,7.05,3.89
-1.01,-45.28,20.08,5.18,-6.14,8.1,7.09,2.09,5.09
-22.8,38.27,7.51,-13.48,-14.4,1.79,4.39,1.44,6.67
45.92,29.7,39.44,-9.32,9.91,14.46,3.75,6.79,5.45
-36.76,-31.53,-19.43,-4.4,9.79,-5.73,0.58,7.13,6.77
-16.86,34.11,4.7,-1.91,-8.96,-6.57,8.83,7.6,6.88
26.92,22.31,-31.3,2.91,-1.04,6.27,5.82,1.03,1.73
10.86,-6.91,47.02,12.12,-9.96,11.29,3.83,9.0,7.21
-40.56,-32.33,47.79,-13.75,12.55,8.49,8.99,9.3,2.52
8.82,-45.08,-15.51,0.64,9.21,-16.43,7.48,0.13,3.33
-38.02,13.06,28.25,14.49,19.9,9.25,1.83,5.48,8.35
-14.84,-28.71,11.6,-0.81,6.7,-4.6,3.65,9.95,5.84
47.76,41.5,9.73,15.95,-17.22,12.31,0.44,8.86,1.2
18.8,-20.96,14.73,-1.61,-3.19,-11.61,2.62,2.31,8.68
24.82,-27.16,-35.54,-7.81,3.75,6.86,9.36,1.72,6.16
40.45,26.51,-30.04,-13.81,-0.54,-2.05,8.03,7.23,8.7
-42.75,-13.81,-28.38,-0.67,14.4,0.02,6.46,4.27,3.69
31.47,-36.17,-36.72,-14.54,-19.39,8.33,8.87,8.52,7.96
2.34,41.24,-27.33,3.81,-0.83,-13.76,2.98,5.35,4.36
32.92,12.98,8.4,-13.71,2.79,15.43,1.75,5.57,8.66
2.05,-38.61,24.0,-4.0,-2.96,2.16,3.94,4.51,7.51
-24.96,-25.78,37.08,3.86,4.82,19.23,9.65,0.83,8.99
-12.71,-44.49,-18.3,-17.86,0.26,-2.03,9.29,8.26,0.45
46.53,-46.56,40.39,-4.71,-5.04,-10.24,9.9,5.58,2.44
-42.89,7.78,11.82,-11.87,-12.27,19.49,2.81,5.95,5.61
43.07,8.46,-41.89,7.92,-14.06,-14.11,1.69,2.11,7.83
45.45,24.19,-16.99,-8.28,5.59,-16.48,8.64,2.28,6.31
26.86,37.38,44.82,-13.98,-1.59,-15.52,0.77,2.99,3.53
21.9,-26.33,-34.44,-19.37,-7.38,9.26,9.29,9.85,8.32
36.29,-11.13,-39.81,-1.65,6.43,7.45,8.2,1.27,1.8
37.83,-20.97,42.26,-16.36,-8.74,10.36,2.91,4.72,0.11
-11.32,-29.64,-5.9,-3.5,-18.65,-7.16,7.16,0.54,2.34
-2.2,-4.9,-7.34,-4.47,11.66,-18.76,4.18,1.86,7.39
25.64,-38.59,48.58,-9.91,3.92,7.36,6.93,4.05,7.58
34.66,-12.49,-33.32,-15.32,-8.48,17.44,1.58,0.25,1.97
-33.5,-29.02,-20.22,7.2,-5.15,19.89,9.67,6.57,0.9
-13.06,-10.12,-42.83,-2.11,8.46,-15.47,8.41,8.37,3.16
-45.81,5.9,-16.72,2.66,-15.82,-2.74,2.4,1.33,0.75
-7.25,40.48,-42.34,16.81,-14.85,12.8,6.08,6.12,7.81
-35.8,7.53,43.64,7.22,-6.83,6.92,8.34,4.15,7.12
-29.7,-42.17,15.27,18.14,-3.3,-19.57,7.71,9.89,5.65
2.35,26.53,23.91,-12.92,3.94,12.38,3.32,4.59,4.58
2.68,4.48,47.03,-11.8,17.03,-18.19,5.68,7.32,4.67
-1.07,44.99,36.91,12.55,-3.41,13.53,4.92,4.9,5.13
16.52,18.54,-31.9,8.17,-2.57,16.47,4.41,1.57,3.4
35.74,15.75,31.7,-12.41,13.24,-3.06,6.09,3.72,2.0
-33.58,13.54,34.05,6.17,7.4,1.77,0.34,2.38,3.23
34.93,-44.64,38.53,16.44,-10.12,-8.12,0.29,8.43,2.88
36.87,16.93,35.07,-2.14,-5.79,-15.03,2.26,9.61,5.26
23.86,-17.88,18.9,7.07,-1.48,-8.67,7.88,8.39,6.22
-35.88,-22.81,-13.04,-1.4,2.21,6.69,2.51,2.22,0.87
-21.15,11.87,49.15,7.42,15.71,-11.2,5.5,5.24,1.46
-39.28,45.39,-2.14,-19.08,-0.6,15.4,7.92,8.74,5.19
-19.88,5.54,11.63,8.47,9.13,-0.31,6.38,2.6,6.72
-30.25,-38.63,6.9,18.62,-6.75,5.92,2.33,7.18,6.76
-38.64,1.16,-41.04,18.04,-9.51,12.9,8.09,4.42,7.19
21.49,-29.76,-19.44,0.99,-5.61,-0.21,4.87,1.01,5.08
40.26,-41.86,-1.14,-4.7,19.81,-13.69,8.57,8.24,5.43
-34.52,23.27,5.5,-8.89,-14.71,-10.46,7.56,2.59,1.21
-32.22,27.56,9.01,-19.58,3.4,-5.29,0.63,5.08,4.02
35.85,-13.18,5.88,15.26,-13.06,14.15,3.4,7.35,7.09
8.94,7.08,29.1,0.49,16.05,16.83,2.89,4.05,6.94
-46.75,31.44,37.03,9.7,15.79,-2.06,1.48,3.24,2.88
-16.45,42.41,-1.13,-5.17,-12.24,3.83,0.87,5.49,1.9
4.31,26.29,36.42,-5.88,-17.27,-19.75,4.5,1.78,0.51
23.22,-14.47,36.85,-19.19,-0.64,-10.18,8.74,7.47,6.59
8.25,-30.12,10.41,-18.87,10.73,-14.04,3.81,0.58,6.43
-1.99,-25.54,36.79,-12.78,0.97,11.89,6.05,4.39,6.73
1.03,49.31,4.47,-3.91,-0.05,-4.34,1.67,5.77,0.42
35.94,-49.32,5.68,-13.6,-17.89,-11.24,8.16,6.24,4.53
-34.31,26.68,31.1,16.43,4.43,5.12,4.03,2.61,4.57
-40.92,25.52,-3.53,11.35,-8.68,-8.34,6.34,9.59,8.9
-9.18,-20.65,-20.47,8.29,-19.35,6.95,4.13,2.19,8.11
-26.84,8.63,-40.85,-15.27,19.32,-17.56,9.25,2.54,3.95
-42.59,32.28,-16.14,-5.6,-18.22,18.07,6.21,6.36,6.76
-36.48,9.23,-30.07,-9.55,-13.06,-9.72,8.51,3.9,2.26
26.19,-37.41,-49.4,7.37,13.48,-6.36,0.52,3.71,6.48
30.16,9.78,3.27,-3.09,17.02,19.44,8.08,8.15,8.35
-7.15,-45.23,-39.87,1.19,5.66,-10.11,7.77,6.19,7.59
1.48,-26.97,-17.0,13.51,11.6,-6.6,9.69,3.27,3.84
11.88,-17.11,15.44,3.5,-11.26,11.44,1.64,7.44,0.88
-6.01,25.84,24.72,-4.63,8.77,9.96,7.72,8.93,7.32
38.66,-15.16,-21.3,-13.93,-9.34,18.14,2.96,5.51,0.68
-20.89,39.05,42.83,-6.57,-5.14,15.52,7.89,4.95,9.88
45.78,-14.99,-12.25,7.85,-2.3,18.17,0.86,6.5,7.64
-42.93,48.01,39.39,11.11,9.18,4.97,9.69,1.3,4.29
45.5,-7.93,-21.91,5.16,15.21,8.52,4.6,0.39,7.52
40.19,35.45,12.35,0.53,-7.48,-2.24,7.68,1.19,4.89
43.96,-8.55,29.04,-1.45,6.0,10.48,2.82,6.41,5.3
22.36,33.17,6.73,-17.82,16.37,19.55,3.67,1.32,8.54
38.27,15.65,17.94,15.34,5.0,16.21,7.37,1.72,4.56
26.85,-1.82,-26.65,5.34,19.01,16.51,3.39,4.87,6.55
48.73,-27.78,-1.47,14.41,-0.63,-15.19,0.96,8.96,0.83
-33.62,33.87,17.51,10.05,3.64,-1.24,3.36,10.0,3.39
6.25,-11.12,-28.89,-7.35,-16.39,-6.82,1.59,3.43,5.56
-29.57,15.12,-18.4,-11.74,-1.67,13.23,0.18,6.82,4.72
-43.33,-23.08,31.65,19.92,-9.53,-15.11,1.23,7.33,1.63
-34.47,42.35,49.15,7.44,5.6,-19.55,1.29,4.76,8.0
22.9,-39.97,-22.33,-13.02,11.36,13.86,2.14,7.66,5.38
-33.82,34.09,45.13,5.09,3.26,14.36,2.84,3.24,3.97
-12.15,36.1,49.74,12.11,-16.31,7.22,8.06,5.9,0.25
-48.08,9.82,38.8,-18.03,-0.97,-18.07,4.41,3.78,4.48
-41.73,-5.7,7.39,14.5,-1.05,-8.11,8.45,7.77,5.75
-23.41,8.95,9.8,11.47,6.35,-19.92,2.52,9.49,0.81
-40.45,-2.06,23.5,-4.4,4.18,10.11,1.13,6.02,3.15
-16.65,-0.97,13.36,-14.88,19.95,3.95,1.66,3.73,5.83
28.42,14.13,22.14,-1.48,-19.44,-12.56,5.75,4.08,8.79
48.07,-23.55,23.07,7.07,-12.3,8.46,7.13,1.89,7.57
15.54,-0.2,-30.07,6.39,9.43,12.44,4.38,8.92,3.6
16.42,-32.26,41.56,-9.46,-1.28,-19.6,9.45,2.08,3.24
14.69,-5.01,-10.94,-16.71,12.34,11.61,1.4,1.05,4.12
-13.43,-0.58,-11.0,16.04,-14.77,4.61,0.34,0.83,7.84
23.94,39.18,-42.67,-18.63,11.2,5.79,7.23,6.03,7.4
6.29,43.13,2.28,10.08,-10.66,-2.26,6.23,7.16,3.26
37.6,-30.72,-9.55,-12.15,1.18,18.73,6.27,9.62,0.22
-48.53,11.48,2.11,-4.06,12.78,-18.03,6.48,1.07,9.63
10.05,-30.14,-14.93,14.35,18.9,5.92,7.32,7.51,9.17
23.7,24.62,15.34,4.23,16.44,7.15,7.16,1.85,2.72
-11.62,-45.84,-41.35,19.48,18.22,-18.77,7.3,2.49,6.03
14.61,46.09,-5.83,19.98,-7.97,-14.31,1.48,1.84,9.03
2.1,40.91,-13.78,10.71,7.46,-19.7,9.0,0.24,5.2
12.6,-39.87,-28.12,5.75,-7.27,-10.31,3.02,0.74,6.63
-29.33,-14.93,1.53,5.36,2.8,3.46,8.95,7.66,7.79
18.43,40.21,20.44,-5.96,-13.75,-3.1,0.22,9.88,5.3
-49.15,-22.28,-3.67,1.22,-10.98,-11.15,8.91,7.71,7.56
-46.43,33.0,-43.66,4.25,-11.93,-2.32,7.27,9.19,3.39
-13.97,-39.5,-17.06,-3.53,4.99,14.09,0.24,6.1,4.07
19.63,5.53,25.66,13.93,-3.62,-15.6,3.95,6.11,3.66
19.19,-5.49,33.93,-2.28,15.24,-7.65,2.31,6.43,4.8
-49.25,30.88,45.76,-11.16,10.93,7.02,8.34,6.53,8.14
-36.17,37.32,6.05,18.33,4.95,-14.58,2.4,8.88,6.92
-33.62,16.83,-17.55,-3.49,-10.74,13.34,1.07,8.64,2.22
-1.84,-33.06,-28.83,-3.17,17.54,0.25,1.16,0.98,7.38
-23.41,34.49,-1.72,-9.43,10.79,8.91,3.38,9.65,7.44
46.77,21.89,45.86,18.49,-12.58,-12.41,1.05,3.11,7.27
-48.3,45.46,0.92,8.35,15.25,-14.87,7.92,4.38,4.72
-2.58,22.01,-33.51,3.76,-12.63,-19.63,9.94,5.98,4.88
48.49,-10.1,-17.93,-12.54,2.18,7.32,2.36,4.3,5.99
-37.84,23.65,-49.28,4.29,-14.19,-6.69,0.23,1.89,2.63
-15.63,22.26,34.81,-14.69,2.36,18.15,5.74,1.41,5.94
-33.22,-33.72,-36.52,19.15,3.75,-10.71,4.06,9.22,6.75
-17.18,16.05,-25.24,15.09,9.26,0.31,9.7,4.57,0.75
9.03,16.68,13.15,-8.27,-0.2,-9.53,6.64,5.67,0.89
-21.11,-45.89,44.8,7.73,3.06,16.19,2.31,4.46,4.58
5.33,40.54,42.0,-12.73,8.98,-12.66,7.67,4.43,8.58
-16.09,44.2,-41.26,0.81,4.84,-11.79,1.19,6.85,4.4
-8.66,3.77,-21.69,-1.95,-6.62,11.81,2.63,4.5,5.75
-0.03,-46.42,-9.88,1.31,-19.86,5.23,4.99,0.36,0.23
41.77,-8.52,-13.95,18.52,-4.36,15.42,3.75,2.81,0.83
35.26,0.16,36.91,9.17,18.96,-15.04,0.98,1.46,6.63
8.71,9.52,-7.28,-10.75,11.71,18.93,8.57,5.64,6.36
-39.6,-5.73,-44.72,19.59,-16.15,5.88,9.73,2.52,1.49
14.98,39.32,21.49,11.57,6.79,11.04,0.32,3.54,0.65
5.51,19.42,-3.57,6.48,15.75,-15.59,4.41,8.36,9.33
40.49,-3.62,-8.76,7.43,14.73,-14.25,3.95,6.61,4.31
17.07,24.62,42.94,-5.01,7.37,-14.51,9.66,7.77,5.49
-34.29,42.76,3.93,14.04,0.62,2.22,5.54,9.68,0.16
-21.06,37.48,-15.38,-6.91,1.29,-6.09,5.15,8.54,3.68
-29.17,45.52,35.73,-11.23,-0.69,19.94,0.57,6.76,8.25
-37.32,20.8,46.69,-6.7,-4.44,-19.16,9.54,8.49,5.48
-23.24,-15.94,19.03,18.65,-1.22,-18.27,2.56,3.3,0.67
-28.09,-36.25,20.38,19.01,-5.11,15.43,5.85,4.77,8.91
4.98,46.61,-4.96,6.66,-19.61,-18.49,2.56,8.94,6.93
14.13,36.99,22.98,5.7,8.96,7.9,3.27,5.56,0.5
26.93,-48.7,13.88,2.83,-8.54,-19.41,7.4,4.12,1.66
30.29,-0.87,-10.04,11.26,-10.63,-16.69,8.06,2.42,8.57
36.84,21.43,-47.77,-12.33,-3.44,-3.07,7.56,4.3,9.59
-13.51,-44.87,-47.43,-6.48,0.83,-16.08,8.42,1.22,4.3
-22.19,-42.29,35.41,-0.52,-1.8,-11.73,2.03,5.9,0.37
-40.35,-41.82,-9.1,-18.71,-2.2,-0.19,0.9,5.13,1.22
39.56,-45.75,-2.63,17.24,-15.68,19.16,0.12,4.4,9.58
20.62,-23.57,-29.81,-5.98,-8.44,-16.91,9.11,6.16,0.89
39.95,23.75,-42.88,-6.05,4.22,6.43,9.07,6.53,1.87
33.05,-10.62,15.57,-18.26,-0.68,17.21,8.76,0.46,5.35
-7.07,42.53,-27.63,18.64,-18.78,-4.04,6.57,4.61,2.32
-4.11,30.51,49.68,-10.49,-8.08,11.22,9.32,5.57,1.39
41.09,46.05,35.92,15.11,-5.67,4.43,4.06,7.04,3.82
4.25,-8.6,-8.84,13.26,3.07,-5.7,4.94,0.71,5.87
-13.22,-12.76,-24.39,-4.95,12.7,-17.36,5.71,6.93,2.03
37.54,-26.01,10.27,8.01,-3.29,13.33,4.08,3.32,3.96
-30.26,18.21,38.59,3.7,10.61,-6.67,0.85,3.81,4.3
-20.15,13.98,-19.27,-3.04,-7.37,17.3,6.9,4.18,2.78
30.85,22.82,-13.33,18.83,9.68,6.34,3.3,3.34,3.51
32.67,9.02,34.05,-5.33,-10.4,1.3,9.34,5.19,6.42
25.22,43.49,-36.88,-7.3,-4.13,-19.45,4.61,6.41,0.52
33.71,-41.74,-24.75,-2.69,19.87,12.15,9.34,8.56,5.29
36.38,-38.37,-48.4,-10.96,14.62,3.19,9.11,0.3,8.17
15.81,-23.7,-24.97,-18.27,17.34,-15.13,8.54,4.7,7.8
13.06,-46.12,-9.48,11.09,14.62,13.1,8.17,7.31,9.3
-6.97,-49.29,42.34,6.73,-16.93,-2.37,5.4,7.61,4.07
-30.5,-26.8,-33.95,-2.42,13.67,-17.3,6.38,8.61,1.95
9.71,-39.94,-26.05,-4.14,0.5,-3.25,1.4,6.08,2.02
10.67,-39.8,8.95,-3.54,4.16,-17.85,2.26,8.74,0.24
41.02,-21.59,38.23,11.96,-2.01,18.26,8.03,2.83,4.87
-44.71,-4.26,13.19,-2.49,-19.29,-15.98,4.28,2.68,5.08
-29.13,-41.18,35.5,19.27,2.59,6.98,7.68,1.61,1.07
-5.46,-32.75,-45.74,2.97,-18.03,17.22,3.9,5.54,9.27
19.75,-45.52,33.88,11.91,-3.85,17.72,5.81,8.38,5.99
-1.97,13.36,41.91,14.53,-12.52,-19.1,2.43,0.43,9.51
-30.25,30.13,36.45,-18.45,1.31,0.03,7.69,3.93,5.94
26.11,24.53,48.96,-2.58,1.07,15.9,0.86,5.03,8.39
10.24,37.23,23.54,4.3,-1.63,-8.96,8.7,1.27,4.71
13.32,46.6,-19.32,1.26,-16.23,9.04,2.54,1.24,4.99
-7.38,8.61,-44.78,-17.53,-11.87,16.07,6.89,7.75,6.08
-9.11,-36.79,45.92,-7.38,-12.92,14.99,0.65,6.05,4.51
9.17,18.96,-4.71,13.81,-13.61,7.8,3.07,1.22,7.94
-8.57,3.47,-27.2,1.94,-15.33,11.5,4.43,2.15,2.98
-21.56,-18.48,34.05,5.98,-9.49,14.3,7.56,0.93,2.33
-48.19,6.24,-27.32,-7.05,19.47,-0.82,8.68,9.91,3.92
-14.22,-38.27,-13.58,-4.26,-14.82,2.39,0.33,1.34,7.81
-27.67,-9.55,-44.54,-1.77,3.69,12.06,9.38,8.04,7.38
-34.85,-28.67,34.77,5.91,-7.34,-3.19,4.85,4.15,5.25
-30.18,-7.81,-29.37,9.81,-0.3,-7.89,4.65,8.06,2.94
-33.64,-49.5,11.79,-8.52,4.06,-12.45,6.2,4.04,8.7
-40.07,-32.58,29.17,-10.43,-13.09,18.58,1.79,6.8,7.35
-9.11,47.37,24.04,-11.94,12.84,16.89,3.67,3.18,1.27
-7.05,-28.43,-8.38,-13.77,-11.65,3.67,3.37,4.07,5.78
20.28,-3.64,46.7,4.19,-10.82,-3.1,8.8,7.45,5.72
-7.65,45.85,-24.72,11.58,-0.21,-13.93,8.74,2.47,2.83
-11.91,-3.4,-2.57,-19.01,-14.77,14.03,4.31,2.26,8.4
35.3,-24.74,-31.74,-5.36,7.11,-4.35,4.4,3.61,9.6
27.5,31.65,-48.31,0.91,10.55,6.54,2.11,2.64,6.43
-14.81,-47.67,12.62,14.9,0.63,-0.76,0.65,0.51,2.82
-27.63,-34.36,10.8,-17.78,-10.28,9.26,7.11,4.23,8.42
-44.23,24.99,46.67,11.21,19.31,3.66,3.68,7.02,3.96
33.97,18.8,-40.85,1.89,-16.85,-9.77,7.58,4.82,4.16
-7.27,-13.89,5.61,1.99,-9.48,-15.37,1.4,8.08,6.5
35.78,8.65,-9.2,19.08,7.47,-8.99,3.03,5.26,0.99
-39.78,34.01,-47.18,-5.97,8.32,-6.01,1.91,2.86,1.41
7.8,25.43,24.63,-8.63,-8.96,15.48,9.91,5.38,0.25
47.81,-45.02,-40.41,8.26,-4.11,-8.46,8.36,6.0,6.48
43.16,46.68,14.67,0.45,14.04,4.31,4.12,1.36,6.64
-1.77,12.32,33.23,-5.67,-6.56,-11.84,2.22,6.97,8.17
18.54,35.04,-20.01,-5.26,-9.52,-6.95,6.88,5.62,9.47
-4.33,-41.75,-11.12,0.57,16.2,-6.98,4.18,2.5,8.46
-42.46,-35.49,-37.87,-11.8,4.2,-10.71,3.11,9.62,6.38
-11.85,49.43,-10.93,12.43,-1.22,-11.8,9.38,3.18,9.19
-30.04,24.41,-16.17,-4.6,12.36,14.88,8.99,5.06,5.28
-4.97,16.05,-47.83,10.59,-4.71,-3.13,5.15,4.32,6.74
23.92,24.73,12.45,-14.45,5.96,-7.27,3.53,9.45,3.5
15.22,49.51,8.89,-9.48,-6.08,19.7,5.85,3.59,9.17
-7.43,8.69,-1.45,19.45,13.51,12.75,8.73,6.21,1.92
39.47,34.64,38.39,7.06,0.8,0.33,9.2,9.07,5.76
26.75,21.62,29.37,18.22,-5.08,14.63,8.24,6.66,6.27
3.03,39.2,-7.12,-4.18,14.86,18.25,4.84,1.87,3.15
3.29,-19.44,-14.21,-16.58,-0.06,11.94,8.43,8.27,7.03
-19.51,-27.73,38.05,1.11,1.1,15.8,8.85,9.64,5.61
-22.12,21.88,24.54,-15.42,12.2,-13.46,1.01,1.19,8.09
11.3,-29.57,-47.11,15.76,16.37,-11.01,3.5,1.87,1.13
26.16,9.06,45.85,1.37,-16.73,-0.74,9.77,5.21,1.54
-42.44,-4.6,7.17,-18.16,-13.22,-8.57,3.24,8.87,7.86
2.89,-11.27,-0.63,-3.93,-2.09,-9.38,3.91,5.73,1.31
45.22,42.54,11.7,8.79,17.62,17.0,1.17,0.54,2.87
0.49,22.75,-18.56,18.01,-15.51,19.85,8.17,6.81,3.33
-13.34,15.44,-4.22,-18.32,-2.89,17.36,5.88,3.68,9.26
17.7,-32.02,-44.43,18.99,-1.04,-12.72,7.04,1.4,7.32
25.33,-7.26,-44.17,1.57,-13.96,-12.84,9.8,2.32,7.34
3.29,-28.78,0.96,-11.22,-12.95,-3.93,2.93,6.74,6.36
43.87,42.23,2.59,-18.38,9.05,-6.11,5.04,1.39,9.38
7.13,-31.47,-38.85,4.37,0.04,-11.25,5.4,7.53,0.8
45.49,32.71,-16.07,-17.44,8.54,-11.52,5.42,9.09,5.67
-0.47,36.98,26.81,-0.89,6.83,5.35,5.24,1.98,6.09
39.03,33.12,19.6,9.78,-5.49,1.51,1.88,3.28,4.14
15.39,34.42,47.6,11.55,4.68,6.17,4.57,1.49,0.27
-49.32,30.45,-37.45,2.13,-6.7,12.95,1.38,1.13,9.13
-0.6,-9.08,20.95,10.08,12.07,-14.07,9.19,5.72,5.13
30.12,6.12,-11.01,-15.81,1.74,-9.19,6.68,5.14,7.46
19.4,39.86,23.1,-15.31,-0.25,-5.28,6.28,0.24,4.45
29.73,-40.15,-29.53,12.23,10.35,-1.34,8.56,2.39,2.66
19.44,26.43,31.95,9.7,-8.37,-10.75,1.73,2.73,5.04
-26.54,-7.96,5.29,-18.13,18.03,-5.81,4.19,6.55,2.78
34.34,-16.91,-43.5,2.15,15.06,8.25,6.96,9.89,3.33
41.74,-2.92,-8.23,-11.51,-8.61,-19.07,6.56,9.6,4.89
20.34,-15.05,11.76,0.89,-10.25,5.16,0.34,0.41,0.96
46.42,-33.6,41.46,-5.46,-17.08,-14.93,5.48,7.84,2.08
-29.47,-11.56,26.68,-19.66,13.07,-15.14,3.38,3.51,3.12
28.07,-8.83,-7.14,-13.46,-8.73,-15.82,2.09,4.07,7.78
-46.96,-46.92,-29.43,1.24,-7.0,17.53,7.21,3.31,7.81
-15.81,4.81,-6.6,17.9,-0.64,-18.36,7.08,2.98,0.48
27.55,-27.1,49.76,-0.28,7.52,15.96,1.28,5.07,9.79
-13.43,3.31,-23.37,16.71,-1.73,-8.52,0.83,8.24,9.17
-33.87,-30.41,-49.74,1.4,-8.98,-6.81,5.4,9.55,3.22
-15.96,47.33,-35.04,13.21,-6.91,18.53,7.22,2.01,7.58
24.74,10.66,-47.27,-10.54,-15.97,-12.73,7.93,8.29,0.73
-17.67,-5.74,20.45,4.66,-6.57,-12.54,4.14,3.23,0.67
2.09,-43.58,29.44,-16.72,-3.32,-2.51,1.38,1.72,4.94
-26.38,10.16,-44.29,6.5,-16.27,17.6,0.69,7.35,3.96
-15.79,23.94,49.39,-19.5,12.22,-9.64,3.94,2.58,6.83
22.7,0.67,14.24,11.83,18.67,-17.31,3.15,3.91,8.73
39.58,-17.57,32.9,11.54,10.39,9.45,1.97,1.35,7.23
-46.41,20.04,-11.37,2.56,1.73,13.5,5.89,9.78,3.75
-48.28,33.46,-25.3,19.81,8.64,19.43,4.82,9.46,1.15
17.21,26.88,24.09,-16.37,18.06,8.04,5.07,6.11,7.79
13.44,43.73,-46.91,19.61,-14.62,-1.68,1.78,3.62,8.16
-42.17,-24.85,-41.25,-5.87,0.57,12.63,4.05,9.24,3.13
35.77,13.0,12.98,11.07,-19.05,6.27,7.29,6.52,8.18
13.85,18.08,49.54,-10.17,15.46,-1.8,2.28,5.84,0.45
-0.97,-36.73,-42.07,0.84,4.4,-19.67,8.79,8.04,0.95
-7.27,-44.0,-28.93,-8.68,-19.77,-15.64,1.08,5.15,6.09
19.42,-41.01,33.81,-7.94,19.87,-9.88,2.67,2.04,4.65
-37.35,-41.01,-44.35,3.97,-9.53,14.23,2.78,0.93,4.2
-31.89,28.59,39.23,13.93,10.28,12.01,5.48,9.96,3.67
-36.8,46.41,44.87,-16.54,19.54,6.42,3.31,5.34,5.78
-20.26,-36.67,35.08,5.91,-14.95,3.4,6.58,4.86,2.18
-5.03,-25.77,43.01,-1.61,16.47,4.27,4.89,7.22,7.46
43.27,45.76,-40.67,7.43,18.58,-3.48,8.11,2.72,6.19
44.01,-11.64,-38.07,13.44,7.33,-13.37,1.92,2.49,9.73
38.83,20.38,35.36,-3.2,18.32,3.54,6.03,1.15,1.16
19.7,49.06,-43.71,-13.38,18.33,-19.55,8.01,8.26,0.27
9.71,-31.9,-11.18,19.52,-11.16,8.39,9.02,9.34,8.36
-5.35,-11.88,-47.81,15.3,2.46,2.17,1.2,2.17,8.48
-21.59,13.68,-40.42,5.69,14.26,-0.14,2.93,4.1,1.1
1.32,10.91,-31.76,14.32,-19.16,-7.7,5.62,9.64,2.1
40.59,36.28,-0.42,-14.13,-3.49,7.99,1.0,7.33,1.54
19.69,2.89,11.8,10.87,11.11,9.66,0.77,6.23,0.49
15.18,14.38,15.82,-5.97,-9.89,17.69,8.98,6.42,6.65
-17.3,21.96,-30.89,-14.93,0.88,-16.91,5.26,5.9,4.18
-44.29,30.68,-49.8,3.87,9.46,3.73,3.5,4.83,7.4
-21.27,32.22,-22.58,9.98,14.14,-4.44,1.48,5.57,9.83
